$P [W],Ta,Tb,Tc,Tj
1,97.63204346,276.1615845,299.2176758,300.7427002
